,TimeStamp,Temperature,Gas,Humidity,Pressure,Altitude
0,2021-01-12 19:00:00,69.21,355355.55,40.13,984.8,240.38
1,2021-01-12 20:00:00,67.62,541956.52,40.84,984.77,239.9
2,2021-01-12 21:00:00,67.18,579178.53,40.63,984.75,239.96
3,2021-01-12 22:00:00,66.6,577062.79,40.57,984.82,239.43
4,2021-01-12 23:00:00,66.22,578171.79,39.79,984.44,242.66
5,2021-01-13 00:00:00,66.1,576138.39,39.15,983.87,247.57
6,2021-01-13 01:00:00,65.86,575154.87,38.8,983.74,248.54
7,2021-01-13 02:00:00,65.65,575857.89,38.46,983.44,251.17
8,2021-01-13 03:00:00,65.46,576823.97,38.11,983.09,254.13
9,2021-01-13 04:00:00,65.31,578492.95,37.81,982.72,257.24
10,2021-01-13 05:00:00,65.18,580602.18,37.4,982.87,256.01
11,2021-01-13 06:00:00,65.6,559206.97,36.81,983.17,253.53
12,2021-01-13 07:00:00,68.1,534849.76,34.55,983.35,251.98
13,2021-01-13 08:00:00,68.58,554392.4,33.88,983.66,249.26
14,2021-01-13 09:00:00,69.35,552198.49,33.5,983.38,251.75
15,2021-01-13 10:00:00,70.04,544652.62,33.55,982.88,256.02
16,2021-01-13 11:00:00,68.65,547251.89,35.09,981.95,263.89
17,2021-01-13 12:00:00,68.34,543614.04,35.82,980.86,273.28
18,2021-01-13 13:00:00,68.3,539547.8,36.22,979.96,280.88
19,2021-01-13 14:00:00,68.83,524735.11,36.81,979.08,288.49
20,2021-01-13 15:00:00,69.89,502912.83,37.31,978.79,290.92
21,2021-01-13 16:00:00,69.79,520731.43,36.65,979.54,284.48
22,2021-01-13 17:00:00,70.35,515479.34,36.14,979.25,287.01
23,2021-01-13 18:00:00,72.74,497533.06,34.74,978.75,291.24
24,2021-01-13 19:00:00,73.16,513290.91,33.49,978.49,293.57
25,2021-01-13 20:00:00,72.3,530119.56,33.08,977.82,299.21
26,2021-01-13 21:00:00,71.79,544992.6,32.2,977.81,299.3
27,2021-01-13 22:00:00,71.57,553136.44,31.78,977.76,299.67
28,2021-01-13 23:00:00,71.54,557280.28,31.5,977.78,299.63
29,2021-01-14 00:00:00,71.28,564076.74,31.36,977.33,303.51
30,2021-01-14 01:00:00,71.08,564785.29,31.29,977.04,305.93
31,2021-01-14 02:00:00,70.95,568789.43,31.12,976.94,306.78
32,2021-01-14 03:00:00,70.8,571493.3,31.05,976.8,308.01
33,2021-01-14 04:00:00,70.57,577079.58,30.99,976.69,308.92
34,2021-01-14 05:00:00,70.36,579104.92,30.85,976.8,308.02
35,2021-01-14 06:00:00,72.36,565842.34,29.61,977.22,304.42
36,2021-01-14 07:00:00,71.6,573080.2,30.25,977.38,302.95
37,2021-01-14 08:00:00,71.03,561573.24,30.94,977.49,302.16
38,2021-01-14 09:00:00,71.8,514167.16,30.93,977.7,300.27
39,2021-01-14 10:00:00,72.54,494246.53,30.78,977.9,298.59
40,2021-01-14 11:00:00,71.99,488209.23,31.96,977.51,301.9
41,2021-01-14 12:00:00,70.92,492217.37,33.42,976.34,311.94
42,2021-01-14 13:00:00,70.59,486895.68,34.33,975.16,322.08
43,2021-01-14 14:00:00,70.58,475690.89,35.13,973.88,333.08
44,2021-01-14 15:00:00,70.82,463685.76,35.57,973.11,339.66
45,2021-01-14 16:00:00,71.04,450175.74,36.09,972.67,343.45
46,2021-01-14 17:00:00,71.04,446664.07,36.32,972.62,343.88
47,2021-01-14 18:00:00,70.72,444178.45,36.48,972.93,341.29
48,2021-01-14 19:00:00,70.64,450352.02,35.88,972.74,342.89
49,2021-01-14 20:00:00,70.31,452729.04,35.89,972.97,340.91
50,2021-01-14 21:00:00,70.14,458571.66,35.6,973.06,340.11
51,2021-01-14 22:00:00,70.78,484313.77,34.11,973.53,336.09
52,2021-01-14 23:00:00,69.31,513329.29,34.28,973.26,338.34
53,2021-01-15 00:00:00,69.05,519335.84,34.3,972.17,347.78
54,2021-01-15 01:00:00,68.33,530384.7,34.4,971.61,352.54
55,2021-01-15 02:00:00,67.3,533712.32,35.21,970.87,359.02
56,2021-01-15 03:00:00,67.07,528877.3,35.57,970.3,363.84
57,2021-01-15 04:00:00,67.26,518260.7,35.7,969.62,369.73
58,2021-01-15 05:00:00,67.46,511076.68,35.8,969.43,371.47
59,2021-01-15 06:00:00,68.77,486849.6,35.54,969.32,372.33
60,2021-01-15 07:00:00,68.74,496704.98,35.77,969.33,372.3
61,2021-01-15 08:00:00,68.33,496986.03,36.31,969.7,369.07
62,2021-01-15 09:00:00,68.21,498384.79,36.52,970.4,363.01
63,2021-01-15 10:00:00,68.3,505299.36,36.49,970.96,358.18
64,2021-01-15 11:00:00,68.27,513223.12,36.36,970.72,360.29
65,2021-01-15 12:00:00,68.27,520028.49,36.26,969.77,368.54
66,2021-01-15 13:00:00,68.51,520846.02,36.07,968.68,377.85
67,2021-01-15 14:00:00,68.88,514154.89,36.18,968.19,382.09
68,2021-01-15 15:00:00,69.76,511309.46,35.26,967.99,383.83
69,2021-01-15 16:00:00,71.09,488591.93,35.09,967.75,385.87
70,2021-01-15 17:00:00,73.18,465125.84,34.04,968.08,383.07
71,2021-01-15 18:00:00,73.11,550125.79,27.15,968.62,378.37
72,2021-01-15 19:00:00,74.42,487628.28,29.98,968.97,375.35
73,2021-01-15 20:00:00,74.32,501838.25,29.64,969.55,370.35
74,2021-01-15 21:00:00,73.08,525249.98,29.47,970.01,366.47
75,2021-01-15 22:00:00,69.69,547377.52,31.8,970.05,366.04
76,2021-01-15 23:00:00,70.02,551997.18,31.37,969.99,366.54
77,2021-01-16 00:00:00,69.44,562003.8,31.51,969.84,367.9
78,2021-01-16 01:00:00,69.43,571747.34,31.03,969.54,370.45
79,2021-01-16 02:00:00,68.94,580292.95,31.09,969.52,370.64
80,2021-01-16 03:00:00,68.55,586481.87,31.05,969.5,370.83
81,2021-01-16 04:00:00,68.09,592462.2,31.02,969.29,372.51
82,2021-01-16 05:00:00,67.87,597923.23,30.86,969.3,372.48
83,2021-01-16 06:00:00,67.67,602080.96,30.77,969.49,370.89
84,2021-01-16 07:00:00,67.85,603788.78,30.43,969.83,367.91
85,2021-01-16 08:00:00,68.39,602345.14,29.9,970.28,364.12
86,2021-01-16 09:00:00,68.85,599496.02,29.68,971.28,355.41
87,2021-01-16 10:00:00,68.81,580309.96,30.42,972.26,346.96
88,2021-01-16 11:00:00,70.47,559320.59,30.08,972.74,342.9
89,2021-01-16 12:00:00,73.1,558064.3,27.76,972.82,342.15
90,2021-01-16 13:00:00,73.11,544611.09,27.24,972.95,341.07
91,2021-01-16 14:00:00,73.44,531052.56,26.74,972.88,341.66
92,2021-01-16 15:00:00,71.94,578743.73,25.46,973.42,337.01
93,2021-01-16 16:00:00,73.5,554539.03,25.92,974.12,331.03
94,2021-01-16 17:00:00,70.59,557460.39,29.07,975.15,322.15
95,2021-01-16 18:00:00,68.34,530842.05,31.04,975.91,315.6
96,2021-01-16 19:00:00,67.81,510202.7,32.07,976.17,313.34
97,2021-01-16 20:00:00,66.49,528456.91,33.27,976.38,311.54
98,2021-01-16 21:00:00,65.68,538308.25,33.69,976.65,309.31
99,2021-01-16 22:00:00,65.09,543934.93,33.43,976.84,307.57
100,2021-01-16 23:00:00,64.78,555766.42,32.9,977.11,305.32
101,2021-01-17 00:00:00,64.59,567444.75,32.36,976.78,308.21
102,2021-01-17 01:00:00,64.57,574046.26,31.84,976.64,309.4
103,2021-01-17 02:00:00,64.71,566796.7,31.67,976.77,308.2
104,2021-01-17 03:00:00,64.79,560729.81,31.64,976.64,309.4
105,2021-01-17 04:00:00,64.88,557103.02,31.5,976.38,311.6
106,2021-01-17 05:00:00,64.9,555291.3,31.51,976.13,313.8
107,2021-01-17 06:00:00,65.0,556565.18,31.48,976.34,311.95
108,2021-01-17 07:00:00,65.02,548519.98,31.54,976.94,306.78
109,2021-01-17 08:00:00,65.12,542931.64,31.6,977.38,303.05
110,2021-01-17 09:00:00,65.32,535986.31,32.12,977.78,299.6
111,2021-01-17 10:00:00,70.32,525827.24,29.3,977.85,298.98
112,2021-01-17 11:00:00,70.35,552500.38,28.91,977.3,303.69
113,2021-01-17 12:00:00,71.24,547315.73,28.89,976.4,311.41
114,2021-01-17 13:00:00,72.08,545884.45,29.06,975.58,318.4
115,2021-01-17 14:00:00,72.83,533560.71,29.29,974.89,324.36
116,2021-01-17 15:00:00,73.22,531836.35,29.33,974.28,329.59
117,2021-01-17 16:00:00,73.53,533619.69,29.2,974.23,330.11
118,2021-01-17 17:00:00,73.81,541118.32,28.75,974.34,329.19
119,2021-01-17 18:00:00,73.67,550681.22,28.13,974.71,325.98
120,2021-01-17 19:00:00,73.6,550175.62,28.54,975.06,322.93
121,2021-01-17 20:00:00,73.12,554349.03,29.01,975.2,321.75
122,2021-01-17 21:00:00,72.89,550918.42,29.34,975.25,321.3
123,2021-01-17 22:00:00,70.52,624565.36,27.85,975.57,318.5
124,2021-01-17 23:00:00,70.59,590749.52,29.07,976.05,314.4
125,2021-01-18 00:00:00,68.79,571882.41,31.46,975.53,318.96
126,2021-01-18 01:00:00,67.93,574672.87,32.04,975.5,319.19
127,2021-01-18 02:00:00,67.57,581991.34,31.91,976.1,314.03
128,2021-01-18 03:00:00,67.24,593695.49,31.71,976.64,309.43
129,2021-01-18 04:00:00,67.0,602930.01,31.5,976.87,307.31
130,2021-01-18 05:00:00,66.81,605933.91,31.31,977.48,302.2
131,2021-01-18 06:00:00,66.65,610200.8,31.14,978.35,294.68
132,2021-01-18 07:00:00,66.51,614624.85,30.95,979.12,288.12
133,2021-01-18 08:00:00,67.06,603318.12,30.78,979.97,280.91
134,2021-01-18 09:00:00,69.95,575435.02,29.71,980.44,276.83
135,2021-01-18 10:00:00,71.7,555352.27,28.98,980.77,274.01
136,2021-01-18 11:00:00,71.8,564961.71,28.79,980.78,273.93
137,2021-01-18 12:00:00,73.48,563276.52,28.11,980.33,277.8
138,2021-01-18 13:00:00,76.64,543757.42,27.02,980.02,280.43
139,2021-01-18 14:00:00,77.22,535942.55,27.74,980.27,278.23
140,2021-01-18 15:00:00,72.38,499652.25,30.4,980.53,276.06
141,2021-01-18 16:00:00,70.25,531265.35,31.91,981.44,268.25
142,2021-01-18 17:00:00,69.51,552994.78,32.08,982.4,260.06
143,2021-01-18 18:00:00,68.65,561073.57,32.51,983.11,254.06
144,2021-01-18 19:00:00,68.1,558478.8,33.03,983.67,249.17
145,2021-01-18 20:00:00,68.12,557769.49,33.07,984.26,244.22
146,2021-01-18 21:00:00,73.39,545978.8,28.86,984.68,240.68
147,2021-01-18 22:00:00,72.86,550554.71,29.87,984.94,238.42
148,2021-01-18 23:00:00,70.13,546553.08,32.72,985.02,237.65
149,2021-01-19 00:00:00,67.4,594630.69,32.64,985.38,234.67
150,2021-01-19 01:00:00,66.66,610971.89,32.38,985.73,231.7
151,2021-01-19 02:00:00,66.21,623149.7,32.09,986.32,226.59
152,2021-01-19 03:00:00,65.97,629319.16,31.82,986.39,226.12
153,2021-01-19 04:00:00,65.72,634391.59,31.64,986.53,224.97
154,2021-01-19 05:00:00,65.6,638156.65,31.39,986.72,223.24
155,2021-01-19 06:00:00,65.43,636801.74,31.31,987.43,217.24
156,2021-01-19 07:00:00,65.63,637781.08,30.89,988.45,208.59
157,2021-01-19 08:00:00,66.34,626812.0,30.42,988.52,207.93
158,2021-01-19 09:00:00,69.38,583863.91,29.27,989.19,202.3
159,2021-01-19 10:00:00,70.92,580568.85,28.73,990.04,195.1
160,2021-01-19 11:00:00,71.76,575566.65,29.0,989.84,196.78
161,2021-01-19 12:00:00,72.98,566870.46,29.15,988.98,204.08
162,2021-01-19 13:00:00,73.96,561097.0,28.82,988.19,210.72
163,2021-01-19 14:00:00,76.14,546749.61,28.14,987.69,214.96
164,2021-01-19 15:00:00,76.03,528076.66,29.06,987.67,215.15
165,2021-01-19 16:00:00,76.55,481373.32,28.89,988.12,211.33
166,2021-01-19 17:00:00,75.83,517772.24,28.66,988.42,208.73
167,2021-01-19 18:00:00,76.87,530317.35,27.98,988.74,206.09
168,2021-01-19 19:00:00,77.42,501607.25,29.03,988.68,206.56
169,2021-01-19 20:00:00,76.77,478573.43,30.05,988.38,209.16
170,2021-01-19 21:00:00,78.14,491249.08,29.08,988.13,211.25
171,2021-01-19 22:00:00,73.45,519185.23,32.51,988.0,212.38
172,2021-01-19 23:00:00,71.24,531615.95,33.82,987.82,213.92
173,2021-01-20 00:00:00,70.51,538504.91,34.11,987.1,219.99
174,2021-01-20 01:00:00,70.08,544108.26,34.35,986.46,225.5
175,2021-01-20 02:00:00,69.75,550076.74,34.62,986.69,223.55
176,2021-01-20 03:00:00,69.38,553616.86,34.92,986.22,227.55
177,2021-01-20 04:00:00,69.08,558525.42,35.01,986.11,228.5
178,2021-01-20 05:00:00,68.76,563112.46,35.14,986.22,227.53
179,2021-01-20 06:00:00,68.48,565328.52,35.18,986.62,224.08
180,2021-01-20 07:00:00,68.26,568098.78,35.05,987.1,219.97
181,2021-01-20 08:00:00,68.6,564658.09,34.5,987.19,219.24
182,2021-01-20 09:00:00,71.4,546956.88,32.83,987.38,217.72
183,2021-01-20 10:00:00,72.44,557395.5,31.96,987.77,214.29
184,2021-01-20 11:00:00,73.24,568274.86,31.34,986.99,220.97
185,2021-01-20 12:00:00,74.3,568110.8,31.03,985.92,230.08
186,2021-01-20 13:00:00,75.16,569656.56,30.41,984.73,240.18
187,2021-01-20 14:00:00,75.76,559584.88,30.31,984.08,245.79
188,2021-01-20 15:00:00,76.59,553312.44,30.18,984.03,246.07
189,2021-01-20 16:00:00,74.89,582973.28,30.27,984.39,243.13
190,2021-01-20 17:00:00,72.27,592885.69,31.77,984.7,240.4
191,2021-01-20 18:00:00,70.16,634542.1,31.19,984.87,238.98
192,2021-01-20 19:00:00,69.81,583631.52,33.07,984.88,238.91
193,2021-01-20 20:00:00,69.45,576769.63,33.47,984.5,242.08
194,2021-01-20 21:00:00,69.06,574709.76,33.81,984.29,243.99
195,2021-01-20 22:00:00,68.43,584002.09,33.86,984.23,244.53
196,2021-01-20 23:00:00,67.9,599438.65,33.5,983.39,251.56
197,2021-01-21 00:00:00,67.8,607279.07,33.03,982.26,261.26
198,2021-01-21 01:00:00,67.73,616286.08,32.63,981.68,266.2
199,2021-01-21 02:00:00,67.61,618479.65,32.4,981.41,268.5
200,2021-01-21 03:00:00,67.59,617196.11,32.36,981.03,271.79
201,2021-01-21 04:00:00,67.48,616562.86,32.62,980.45,276.77
202,2021-01-21 05:00:00,67.4,613980.12,32.78,979.75,282.7
203,2021-01-21 06:00:00,67.37,604825.42,33.03,979.44,285.41
204,2021-01-21 07:00:00,67.94,594425.44,32.71,979.09,288.36
205,2021-01-21 08:00:00,70.45,586939.67,31.1,978.7,291.77
206,2021-01-21 09:00:00,71.04,566243.92,31.97,979.0,289.11
207,2021-01-21 10:00:00,70.27,557078.17,33.29,978.98,289.24
208,2021-01-21 11:00:00,68.58,542701.31,35.85,977.99,297.8
209,2021-01-21 12:00:00,68.8,542166.51,35.89,976.21,313.05
210,2021-01-21 13:00:00,72.75,541034.1,32.41,975.74,317.08
211,2021-01-21 14:00:00,74.56,517813.11,32.37,975.12,322.45
212,2021-01-21 15:00:00,75.17,521565.2,32.4,974.9,324.28
213,2021-01-21 16:00:00,75.32,530916.23,32.37,975.09,322.67
214,2021-01-21 17:00:00,75.45,537660.12,32.18,975.36,320.35
215,2021-01-21 18:00:00,75.54,538642.38,32.24,975.77,316.82
216,2021-01-21 19:00:00,75.84,537931.77,32.18,975.93,315.47
217,2021-01-21 20:00:00,76.57,521199.25,32.87,976.19,313.12
218,2021-01-21 21:00:00,74.39,515641.73,35.31,976.37,311.7
219,2021-01-21 22:00:00,71.74,521503.84,35.91,976.27,312.51
220,2021-01-21 23:00:00,70.36,527334.36,36.44,976.13,313.75
221,2021-01-22 00:00:00,69.4,538088.94,36.63,976.05,314.49
222,2021-01-22 01:00:00,68.66,544700.9,36.76,975.96,315.22
223,2021-01-22 02:00:00,67.97,551724.08,36.98,975.99,314.97
224,2021-01-22 03:00:00,67.39,557657.01,36.99,975.81,316.41
225,2021-01-22 04:00:00,67.16,563574.18,36.87,975.95,315.3
226,2021-01-22 05:00:00,66.98,566398.92,36.88,976.08,314.14
227,2021-01-22 06:00:00,66.83,568604.12,36.87,976.24,312.79
228,2021-01-22 07:00:00,66.85,569931.92,36.76,976.45,311.01
229,2021-01-22 08:00:00,67.54,553943.71,36.49,977.09,305.55
230,2021-01-22 09:00:00,68.07,547612.13,36.3,977.98,297.84
231,2021-01-22 10:00:00,68.4,539292.3,36.37,978.55,292.96
232,2021-01-22 11:00:00,69.51,503594.18,36.07,978.85,290.48
233,2021-01-22 12:00:00,72.78,486272.41,34.48,978.13,296.6
234,2021-01-22 13:00:00,73.73,481072.88,34.64,977.17,304.76
235,2021-01-22 14:00:00,72.35,503034.31,35.32,976.62,309.54
236,2021-01-22 15:00:00,71.25,488297.47,36.48,976.97,306.54
237,2021-01-22 16:00:00,70.86,417976.07,37.87,977.44,302.46
238,2021-01-22 17:00:00,70.5,442295.27,37.91,977.79,299.54
239,2021-01-22 18:00:00,69.78,477302.89,38.14,978.55,293.0
240,2021-01-22 19:00:00,68.78,512941.2,38.24,979.14,287.88
241,2021-01-22 20:00:00,67.63,540808.26,38.48,979.4,285.57
242,2021-01-22 21:00:00,66.74,563924.22,38.36,979.93,281.17
243,2021-01-22 22:00:00,65.84,580897.08,38.26,980.47,276.63
244,2021-01-22 23:00:00,66.14,582154.59,37.68,980.49,276.44
245,2021-01-23 00:00:00,66.72,588441.53,36.84,980.16,279.19
246,2021-01-23 01:00:00,66.64,594072.81,36.66,980.32,277.86
247,2021-01-23 02:00:00,66.57,605034.96,36.28,980.76,274.17
248,2021-01-23 03:00:00,66.27,618706.9,35.96,981.13,270.93
249,2021-01-23 04:00:00,66.07,627805.16,35.65,981.24,269.97
250,2021-01-23 05:00:00,65.98,632500.42,35.34,981.53,267.54
251,2021-01-23 06:00:00,65.85,639213.85,35.08,982.2,261.81
252,2021-01-23 07:00:00,65.72,650049.14,34.77,983.01,254.9
253,2021-01-23 08:00:00,65.92,650413.2,34.45,983.62,249.62
254,2021-01-23 09:00:00,66.26,633573.55,34.49,984.54,241.8
255,2021-01-23 10:00:00,66.87,602192.67,34.68,985.4,234.42
256,2021-01-23 11:00:00,70.59,517185.23,33.26,985.34,235.09
257,2021-01-23 12:00:00,72.87,518680.49,32.24,984.35,243.41
258,2021-01-23 13:00:00,72.27,498643.57,35.2,983.47,250.93
259,2021-01-23 14:00:00,67.44,799775.27,29.17,982.97,255.24
260,2021-01-23 15:00:00,68.92,637998.21,31.65,982.98,255.07
261,2021-01-23 16:00:00,68.04,607040.65,34.11,983.12,253.89
262,2021-01-23 17:00:00,67.56,616422.08,34.31,983.46,251.0
263,2021-01-23 18:00:00,66.89,620916.95,34.87,983.96,246.73
264,2021-01-23 19:00:00,67.01,600641.54,36.38,984.42,242.85
265,2021-01-23 20:00:00,69.57,485484.35,37.54,984.87,239.05
266,2021-01-23 21:00:00,68.15,500436.09,37.85,985.14,236.7
267,2021-01-23 22:00:00,67.21,533574.28,37.45,985.68,232.1
268,2021-01-23 23:00:00,66.58,558649.66,37.2,985.75,231.5
269,2021-01-24 00:00:00,66.74,562944.09,37.0,985.73,231.66
270,2021-01-24 01:00:00,67.21,567672.37,36.53,985.92,230.05
271,2021-01-24 02:00:00,67.18,584204.58,35.98,986.16,228.07
272,2021-01-24 03:00:00,67.07,599385.53,35.39,986.45,225.52
273,2021-01-24 04:00:00,66.85,613601.72,34.91,986.71,223.34
274,2021-01-24 05:00:00,66.73,626543.58,34.45,986.96,221.18
275,2021-01-24 06:00:00,66.52,636604.38,34.1,986.6,224.31
276,2021-01-24 07:00:00,66.38,646406.89,33.69,986.96,221.21
277,2021-01-24 08:00:00,66.47,622056.44,33.74,987.13,219.81
278,2021-01-24 09:00:00,66.52,619852.66,33.69,987.16,219.47
279,2021-01-24 10:00:00,66.77,613900.21,33.65,987.52,216.45
280,2021-01-24 11:00:00,62.19,936792.3,29.71,986.99,220.99
281,2021-01-24 12:00:00,57.18,1323272.26,28.06,985.55,233.25
282,2021-01-24 13:00:00,61.36,953725.0,27.43,984.37,243.33
283,2021-01-24 14:00:00,62.69,818664.72,29.85,983.11,254.04
284,2021-01-24 15:00:00,62.74,820212.85,31.72,983.09,254.22
285,2021-01-24 16:00:00,60.67,955731.23,33.77,983.29,252.45
286,2021-01-24 17:00:00,65.53,607058.44,33.12,983.36,251.89
287,2021-01-24 18:00:00,70.52,540767.07,31.52,983.51,250.67
288,2021-01-24 19:00:00,71.56,540230.4,31.99,983.29,252.42
289,2021-01-24 20:00:00,72.77,531866.38,32.13,983.11,254.08
290,2021-01-24 21:00:00,71.27,545889.76,33.49,982.95,255.33
291,2021-01-24 22:00:00,69.63,538821.81,34.55,982.84,256.3
292,2021-01-24 23:00:00,69.24,538193.55,34.64,982.6,258.43
293,2021-01-25 00:00:00,68.89,546779.91,34.79,982.12,262.52
294,2021-01-25 01:00:00,68.58,558129.83,34.8,981.42,268.41
295,2021-01-25 02:00:00,67.75,570711.34,35.34,981.13,270.91
296,2021-01-25 03:00:00,67.13,578246.44,35.59,980.59,275.59
297,2021-01-25 04:00:00,66.56,583062.35,35.89,979.6,284.0
298,2021-01-25 05:00:00,66.12,585600.03,36.09,979.18,287.61
299,2021-01-25 06:00:00,66.49,582689.26,35.77,979.35,286.12
300,2021-01-25 07:00:00,67.06,566122.02,35.71,979.23,287.13
301,2021-01-25 08:00:00,71.85,558105.61,32.22,978.85,290.43
302,2021-01-25 09:00:00,72.4,550622.65,33.07,978.59,292.59
303,2021-01-25 10:00:00,72.83,557156.89,33.19,978.36,294.64
304,2021-01-25 11:00:00,73.18,548487.73,34.37,978.07,297.11
305,2021-01-25 12:00:00,74.29,543018.07,34.12,977.45,302.45
306,2021-01-25 13:00:00,74.96,535431.29,34.35,976.72,308.68
307,2021-01-25 14:00:00,75.58,532346.26,34.28,976.16,313.48
308,2021-01-25 15:00:00,75.63,533855.25,34.16,975.82,316.39
309,2021-01-25 16:00:00,72.11,536088.95,36.69,975.71,317.25
310,2021-01-25 17:00:00,71.39,539626.23,37.04,975.75,317.08
311,2021-01-25 18:00:00,73.49,541347.48,35.49,975.14,322.21
312,2021-01-25 19:00:00,72.88,530245.54,36.51,974.43,328.32
313,2021-01-25 20:00:00,70.63,507761.37,38.22,974.0,332.0
314,2021-01-25 21:00:00,69.92,494741.61,38.86,974.03,331.78
315,2021-01-25 22:00:00,69.56,493810.24,39.1,973.61,335.31
316,2021-01-25 23:00:00,68.39,502088.47,40.18,972.99,340.74
317,2021-01-26 00:00:00,67.66,516825.1,40.46,972.26,347.1
318,2021-01-26 01:00:00,67.15,524895.5,40.66,971.69,351.9
319,2021-01-26 02:00:00,67.09,528835.82,40.51,972.1,348.33
320,2021-01-26 03:00:00,67.1,527215.96,40.54,971.72,351.63
321,2021-01-26 04:00:00,67.09,522121.04,40.69,972.18,347.68
322,2021-01-26 05:00:00,67.07,517823.91,40.83,972.29,346.82
323,2021-01-26 06:00:00,67.1,511752.23,41.07,973.03,340.34
324,2021-01-26 07:00:00,67.11,504533.14,41.42,973.56,335.78
325,2021-01-26 08:00:00,67.22,493973.63,41.82,974.13,330.88
326,2021-01-26 09:00:00,70.36,474010.97,39.91,975.04,323.12
327,2021-01-26 10:00:00,73.94,455026.03,37.63,976.14,313.7
328,2021-01-26 11:00:00,76.16,436901.74,37.19,976.52,310.39
329,2021-01-26 12:00:00,77.35,417643.99,38.25,975.57,318.54
330,2021-01-26 13:00:00,77.01,409161.2,39.72,975.22,321.56
331,2021-01-26 14:00:00,78.1,409928.32,39.33,975.24,321.43
332,2021-01-26 15:00:00,76.49,410569.56,41.22,975.21,321.63
333,2021-01-26 16:00:00,77.16,391594.96,42.09,975.78,316.68
334,2021-01-26 17:00:00,73.22,516974.1,41.97,976.12,313.85
335,2021-01-26 18:00:00,76.81,510375.97,37.87,976.55,310.19
336,2021-01-26 19:00:00,77.15,461886.56,38.63,977.02,306.11
337,2021-01-26 20:00:00,77.04,454567.19,38.97,977.28,303.89
338,2021-01-26 21:00:00,75.37,484909.55,38.96,977.64,300.81
339,2021-01-26 22:00:00,73.99,491976.44,39.63,977.69,300.34
340,2021-01-26 23:00:00,72.93,497047.24,39.99,978.16,296.31
341,2021-01-27 00:00:00,71.89,501116.53,40.4,977.94,298.22
342,2021-01-27 01:00:00,71.29,503744.16,40.5,977.9,298.56
343,2021-01-27 02:00:00,70.95,508152.6,40.43,978.68,291.93
344,2021-01-27 03:00:00,70.51,511555.3,40.69,978.52,293.24
345,2021-01-27 04:00:00,70.23,513222.31,40.8,979.13,288.05
346,2021-01-27 05:00:00,70.09,513677.95,40.84,979.02,288.97
347,2021-01-27 06:00:00,69.93,515429.56,40.75,979.68,283.36
348,2021-01-27 07:00:00,70.33,510180.32,40.41,979.37,285.98
349,2021-01-27 08:00:00,73.44,517770.54,37.76,979.6,283.96
350,2021-01-27 09:00:00,74.46,522712.02,37.14,979.44,285.44
351,2021-01-27 10:00:00,75.13,537069.36,36.12,980.98,272.23
352,2021-01-27 11:00:00,74.25,536337.68,36.79,980.37,277.45
353,2021-01-27 12:00:00,75.28,531977.3,36.47,978.98,289.25
354,2021-01-27 13:00:00,75.13,522871.33,37.57,977.76,299.75
355,2021-01-27 14:00:00,74.29,485092.79,41.79,976.96,306.68
356,2021-01-27 15:00:00,74.13,500179.21,40.12,976.8,308.02
357,2021-01-27 16:00:00,73.45,497097.84,40.64,976.9,307.12
358,2021-01-27 17:00:00,72.95,490814.77,41.13,976.68,308.99
359,2021-01-27 18:00:00,72.5,467598.01,42.42,977.18,304.66
360,2021-01-27 19:00:00,72.03,460483.05,43.14,977.95,298.16
361,2021-01-27 20:00:00,71.42,475620.03,42.96,978.94,289.64
362,2021-01-27 21:00:00,71.79,481880.22,42.27,979.93,281.19
363,2021-01-27 22:00:00,73.97,502023.27,38.59,981.31,269.44
364,2021-01-27 23:00:00,74.27,530197.25,36.98,982.2,261.78
365,2021-01-28 00:00:00,74.11,564999.34,36.09,982.64,258.07
366,2021-01-28 01:00:00,73.93,586421.72,35.3,983.4,251.57
367,2021-01-28 02:00:00,73.53,611313.79,34.67,984.31,243.82
368,2021-01-28 03:00:00,73.2,630873.61,34.1,985.25,235.8
369,2021-01-28 04:00:00,72.95,646433.49,33.56,986.1,228.53
370,2021-01-28 05:00:00,72.72,659724.03,33.07,986.87,222.0
371,2021-01-28 06:00:00,72.32,676093.44,32.62,988.01,212.29
372,2021-01-28 07:00:00,72.01,679938.69,32.28,988.88,204.9
373,2021-01-28 08:00:00,71.96,680902.72,31.98,989.8,197.1
374,2021-01-28 09:00:00,72.06,671587.73,31.77,990.53,190.87
375,2021-01-28 10:00:00,71.69,682432.59,31.96,990.99,187.0
376,2021-01-28 11:00:00,69.82,672403.56,34.0,991.71,180.86
377,2021-01-28 12:00:00,68.93,662610.61,34.89,991.27,184.65
378,2021-01-28 13:00:00,68.8,648152.1,35.26,990.4,192.01
379,2021-01-28 14:00:00,69.06,629177.91,35.3,989.53,199.38
380,2021-01-28 15:00:00,69.41,629020.65,35.55,989.82,196.97
381,2021-01-28 16:00:00,69.46,613434.96,36.38,990.15,194.15
382,2021-01-28 17:00:00,69.8,606207.44,36.32,990.05,194.99
383,2021-01-28 18:00:00,71.18,637085.14,33.81,990.73,189.19
384,2021-01-28 19:00:00,71.59,667566.28,31.96,990.55,190.75
385,2021-01-28 20:00:00,70.19,576878.81,32.49,990.91,187.7
386,2021-01-28 21:00:00,70.33,531514.46,32.95,990.66,189.76
387,2021-01-28 22:00:00,68.67,597409.11,32.52,989.99,195.51
388,2021-01-28 23:00:00,65.59,724329.61,32.38,989.9,196.22
389,2021-01-29 00:00:00,63.83,771813.14,32.72,989.84,196.68
390,2021-01-29 01:00:00,62.64,788568.86,33.09,989.29,201.41
391,2021-01-29 02:00:00,61.62,801516.7,33.4,989.05,203.5
392,2021-01-29 03:00:00,60.68,807348.22,33.77,988.8,205.63
393,2021-01-29 04:00:00,59.92,811183.35,34.07,988.86,205.08
394,2021-01-29 05:00:00,59.29,814118.29,34.22,989.03,203.63
395,2021-01-29 06:00:00,58.8,812887.65,34.43,989.39,200.58
396,2021-01-29 07:00:00,59.32,771157.3,34.87,989.73,197.65
397,2021-01-29 08:00:00,62.58,714097.06,33.96,990.43,191.75
398,2021-01-29 09:00:00,64.23,728352.07,32.71,990.54,190.87
399,2021-01-29 10:00:00,65.05,727326.79,32.28,990.46,191.46
400,2021-01-29 11:00:00,65.54,729238.03,32.26,989.88,196.37
401,2021-01-29 12:00:00,65.95,725659.79,32.42,988.88,204.97
402,2021-01-29 13:00:00,66.38,711316.68,32.67,987.91,213.15
403,2021-01-29 14:00:00,66.92,778445.54,29.53,987.28,218.47
404,2021-01-29 15:00:00,67.25,828596.58,26.87,986.72,223.24
405,2021-01-29 16:00:00,67.86,739982.96,25.96,986.61,224.11
406,2021-01-29 17:00:00,68.33,787181.1,25.51,986.53,224.89
407,2021-01-29 18:00:00,68.45,760848.94,26.88,986.77,222.79
408,2021-01-29 19:00:00,68.0,693465.06,29.7,987.26,218.78
409,2021-01-29 20:00:00,67.43,688494.22,30.83,987.13,219.77
410,2021-01-29 21:00:00,66.96,677325.54,31.2,987.05,220.45
411,2021-01-29 22:00:00,68.8,630311.09,30.06,987.14,219.72
412,2021-01-29 23:00:00,68.78,703566.81,29.75,987.09,220.16
413,2021-01-30 00:00:00,66.11,747627.13,31.43,986.98,221.05
414,2021-01-30 01:00:00,64.46,748063.92,32.23,986.84,222.14
415,2021-01-30 02:00:00,63.53,744435.07,32.38,986.78,222.75
416,2021-01-30 03:00:00,63.1,754997.46,32.32,986.95,221.28
417,2021-01-30 04:00:00,62.83,769739.81,32.3,987.14,219.67
418,2021-01-30 05:00:00,62.63,779156.49,32.16,987.33,218.07
419,2021-01-30 06:00:00,62.52,784288.93,31.99,987.93,212.92
420,2021-01-30 07:00:00,62.52,780445.06,31.88,987.92,213.1
421,2021-01-30 08:00:00,62.86,766304.57,31.68,987.85,213.66
422,2021-01-30 09:00:00,63.36,754972.03,31.71,988.32,209.63
423,2021-01-30 10:00:00,63.65,734440.68,32.34,989.16,202.5
424,2021-01-30 11:00:00,64.04,701242.79,33.22,988.58,207.47
425,2021-01-30 12:00:00,64.75,597651.21,33.54,987.6,215.73
426,2021-01-30 13:00:00,65.43,640815.87,33.12,986.79,222.66
427,2021-01-30 14:00:00,65.77,664705.71,32.86,986.03,229.13
428,2021-01-30 15:00:00,66.0,670616.34,32.83,985.57,233.03
429,2021-01-30 16:00:00,65.88,660183.4,33.22,985.26,235.68
430,2021-01-30 17:00:00,65.8,681048.02,33.05,985.4,234.49
431,2021-01-30 18:00:00,66.13,696065.27,32.69,985.3,235.34
432,2021-01-30 19:00:00,66.64,671421.4,33.03,984.89,238.83
433,2021-01-30 20:00:00,65.98,654969.95,34.02,984.57,241.59
434,2021-01-30 21:00:00,65.19,610102.94,34.16,984.59,241.46
435,2021-01-30 22:00:00,65.92,491176.84,34.94,983.94,246.91
436,2021-01-30 23:00:00,68.4,488204.32,32.54,983.63,249.54
437,2021-01-31 00:00:00,66.83,524896.73,33.4,982.5,259.18
438,2021-01-31 01:00:00,65.73,558899.35,33.95,980.62,275.3
439,2021-01-31 02:00:00,65.26,585517.47,34.14,979.54,284.53
440,2021-01-31 03:00:00,64.97,602984.21,34.41,978.76,291.24
441,2021-01-31 04:00:00,64.96,619369.98,34.43,977.94,298.24
442,2021-01-31 05:00:00,64.88,629207.28,34.49,977.3,303.71
443,2021-01-31 06:00:00,64.9,636662.05,34.44,977.32,303.58
444,2021-01-31 07:00:00,64.92,639454.64,34.5,978.17,296.22
445,2021-01-31 08:00:00,65.95,635660.11,33.67,977.3,303.69
446,2021-01-31 09:00:00,66.49,621714.55,33.61,977.02,306.11
447,2021-01-31 10:00:00,66.36,622007.53,34.23,976.93,306.89
448,2021-01-31 11:00:00,66.4,584995.81,34.67,976.4,311.41
449,2021-01-31 12:00:00,66.49,594562.96,35.21,975.69,317.46
450,2021-01-31 13:00:00,67.42,567287.61,35.14,974.55,327.25
451,2021-01-31 14:00:00,68.81,585815.56,34.15,973.72,334.5
452,2021-01-31 15:00:00,69.53,612692.78,33.85,973.11,339.6
453,2021-01-31 16:00:00,70.41,618655.17,33.44,972.44,345.46
454,2021-01-31 17:00:00,70.82,616928.6,33.48,972.23,347.32
455,2021-01-31 18:00:00,71.01,622281.15,33.79,972.17,347.77
456,2021-01-31 19:00:00,71.61,611167.96,33.84,972.63,343.85
457,2021-01-31 20:00:00,72.02,539413.68,36.08,972.31,346.58
458,2021-01-31 21:00:00,72.67,501797.85,37.13,971.99,349.33
459,2021-01-31 22:00:00,72.6,532920.87,35.46,972.09,348.46
460,2021-01-31 23:00:00,72.98,534187.53,35.0,972.06,348.77
461,2021-02-01 00:00:00,71.54,551350.02,35.87,972.01,349.16
462,2021-02-01 01:00:00,72.29,518154.18,34.96,972.35,346.26
463,2021-02-01 02:00:00,73.01,536634.13,34.12,972.53,344.69
464,2021-02-01 03:00:00,70.41,578893.27,35.2,972.89,341.58
465,2021-02-01 04:00:00,68.61,604083.9,35.8,973.07,340.04
466,2021-02-01 05:00:00,67.84,617074.98,35.91,973.42,337.02
467,2021-02-01 06:00:00,67.43,628395.36,35.66,973.9,332.85
468,2021-02-01 07:00:00,67.83,631843.21,34.85,973.9,332.89
469,2021-02-01 08:00:00,69.76,649495.69,32.76,974.12,331.02
470,2021-02-01 09:00:00,69.74,663443.31,32.65,974.12,331.02
471,2021-02-01 10:00:00,68.18,664472.21,33.53,974.22,330.15
472,2021-02-01 11:00:00,68.64,657578.64,33.46,974.44,328.29
473,2021-02-01 12:00:00,69.33,655634.2,33.31,973.95,332.49
474,2021-02-01 13:00:00,66.53,684234.9,34.74,973.45,336.76
475,2021-02-01 14:00:00,66.48,695337.8,34.2,973.43,336.97
476,2021-02-01 15:00:00,69.99,665964.64,32.4,973.58,335.65
477,2021-02-01 16:00:00,70.66,682538.13,31.72,974.14,330.8
478,2021-02-01 17:00:00,71.06,649614.42,30.91,974.55,327.31
479,2021-02-01 18:00:00,71.86,571371.68,31.45,974.85,324.75
480,2021-02-01 19:00:00,71.74,597181.27,30.16,975.07,322.81
481,2021-02-01 20:00:00,71.43,623935.62,29.51,975.44,319.7
482,2021-02-01 21:00:00,70.68,622821.71,30.38,975.93,315.48
483,2021-02-01 22:00:00,68.05,675532.43,31.76,976.0,314.88
484,2021-02-01 23:00:00,66.78,670022.7,32.68,975.93,315.49
485,2021-02-02 00:00:00,66.14,674929.37,32.78,975.77,316.85
486,2021-02-02 01:00:00,65.9,686714.91,32.63,975.43,319.76
487,2021-02-02 02:00:00,65.69,697699.48,32.52,975.47,319.43
488,2021-02-02 03:00:00,65.47,710732.25,32.37,975.63,318.08
489,2021-02-02 04:00:00,65.33,718530.19,32.28,975.68,317.56
490,2021-02-02 05:00:00,65.2,721190.2,32.19,975.83,316.25
491,2021-02-02 06:00:00,65.16,718224.31,32.12,975.94,315.42
492,2021-02-02 07:00:00,65.09,696194.01,32.16,976.1,313.96
493,2021-02-02 08:00:00,65.88,690517.76,31.43,976.11,313.87
494,2021-02-02 09:00:00,69.26,698729.29,29.32,976.44,311.09
495,2021-02-02 10:00:00,68.62,710860.8,30.13,976.68,309.01
496,2021-02-02 11:00:00,69.88,695186.09,29.82,976.9,307.09
497,2021-02-02 12:00:00,69.09,688382.94,30.51,976.62,309.53
498,2021-02-02 13:00:00,67.16,733037.09,31.0,976.23,312.88
499,2021-02-02 14:00:00,69.7,749485.82,28.8,975.84,316.22
